date,geo,mode,value,value_z,roll_std_4q,pct_qoq,quarter
2015-03-31,DE,air,83.7,-0.6052930531004503,,,1
2015-06-30,DE,air,84.2,-0.5685343656652003,,0.005973715651135025,2
2015-09-30,DE,air,85.3,-0.48766525330765065,,0.013064133016627011,3
2015-12-31,DE,air,84.4,-0.5538308906911,0.04913395942563034,-0.010550996483001063,4
2016-03-31,DE,air,82.1,-0.7229208528932509,0.09954299614266032,-0.027251184834123365,1
2016-06-30,DE,air,80.9,-0.8111417027378501,0.14914849694842522,-0.014616321559074108,2
2016-09-30,DE,air,84.1,-0.575886103152251,0.12248606547463226,0.039555006180469476,3
2016-12-31,DE,air,81.9,-0.7376243278673501,0.09854253862894144,-0.026159334126040323,4
2017-03-31,DE,air,79.7,-0.8993625525824505,0.13707918632901125,-0.026862026862026878,1
2017-06-30,DE,air,82.1,-0.7229208528932509,0.13226318560635036,0.030112923462985997,2
2017-09-30,DE,air,85.3,-0.48766525330765065,0.16951561413352792,0.03897685749086488,3
2017-12-31,DE,air,85.1,-0.5023687282817509,0.19630653434862472,-0.0023446658851113966,4
2018-03-31,DE,air,80.8,-0.8184934402249008,0.1639920910676033,-0.05052878965922436,1
2018-06-30,DE,air,80.9,-0.8111417027378501,0.184758880271676,0.0012376237623763497,2
2018-09-30,DE,air,83.0,-0.6567552155098005,0.14976627889006208,0.02595797280593315,3
2018-12-31,DE,air,82.4,-0.7008656404321001,0.0806180953659855,-0.0072289156626504925,4
2019-03-31,DE,air,80.8,-0.8184934402249008,0.0806180953659855,-0.019417475728155442,1
2019-06-30,DE,air,80.9,-0.8111417027378501,0.0806180953659855,0.0012376237623763497,2
2019-09-30,DE,air,82.7,-0.6788104279709504,0.07277848802834942,0.02224969097651419,3
2019-12-31,DE,air,81.0,-0.8037899652508006,0.06643736599041083,-0.02055622732769047,4
2020-03-31,DE,air,82.6,-0.6861621654580009,0.0722817007334584,0.01975308641975304,1
2020-06-30,DE,air,91.8,-0.009802316649400492,0.3611279916563357,0.11138014527845042,2
2020-09-30,DE,air,88.2,-0.27446486618320015,0.36758687435250054,-0.039215686274509776,3
2020-12-31,DE,air,92.2,0.01960463329879994,0.32691130166741034,0.0453514739229024,4
2021-03-31,DE,air,93.8,0.13723243309159958,0.17376662690282954,0.017353579175704903,1
2021-06-30,DE,air,97.9,0.4386536700606503,0.2950709999420225,0.04371002132196167,2
2021-09-30,DE,air,101.6,0.7106679570814995,0.31100398531553125,0.037793667007150145,3
2021-12-31,DE,air,106.6,1.0782548314339997,0.40035481603004974,0.04921259842519676,4
2022-03-31,DE,air,107.0,1.1076617813822,0.3194059911802473,0.0037523452157599557,1
2022-06-30,DE,air,120.8,2.1222015545951005,0.6058830872215768,0.12897196261682242,2
2022-09-30,DE,air,131.4,2.901485728222401,0.8788837408640456,0.0877483443708611,3
2022-12-31,DE,air,119.1,1.9972220173152502,0.7347907459445953,-0.09360730593607314,4
2023-03-31,DE,air,107.7,1.1591239437915504,0.7133458733314753,-0.09571788413098226,1
2023-06-30,DE,air,108.0,1.1811791562527,0.825721548737971,0.0027855153203342198,2
2023-09-30,DE,air,108.0,1.1811791562527,0.41182855937674284,0.0,3
2023-12-31,DE,air,101.6,0.7106679570814995,0.23181300184641693,-0.059259259259259345,4
2005-03-31,ES,air,74.1,-2.5474114669557095,,,1
2005-06-30,ES,air,74.1,-2.5474114669557095,,0.0,2
2005-09-30,ES,air,76.8,-2.3031342423100196,,0.036437246963562764,3
2005-12-31,ES,air,79.5,-2.0588570176643293,0.23387763668326833,0.03515625,4
2006-03-31,ES,air,80.4,-1.9774312761157655,0.25749080346166614,0.01132075471698113,1
2006-06-30,ES,air,82.7,-1.7693432699361042,0.22068748013922831,0.028606965174129417,2
2006-09-30,ES,air,83.7,-1.6788702237710338,0.17688579588232603,0.012091898428053138,3
2006-12-31,ES,air,82.7,-1.7693432699361042,0.12652756049362623,-0.01194743130227005,4
2007-03-31,ES,air,84.3,-1.6245863960719922,0.07142979255666143,0.019347037484884977,1
2007-06-30,ES,air,85.4,-1.5250660452904141,0.10219183210240046,0.013048635824436605,2
2007-09-30,ES,air,86.6,-1.4164983898923307,0.1500325738850197,0.014051522248243353,3
2007-12-31,ES,air,86.3,-1.4436403037418515,0.09358604665308738,-0.0034642032332563577,4
2008-03-31,ES,air,86.8,-1.3984037806593164,0.05595448884149327,0.005793742757821629,1
2008-06-30,ES,air,93.7,-0.7741397621203306,0.32322226461811915,0.07949308755760365,2
2008-09-30,ES,air,101.3,-0.08654461126579684,0.6374070633846772,0.0811099252934897,3
2008-12-31,ES,air,100.1,-0.19511226666388146,0.6040445196471861,-0.01184600197433372,4
2009-03-31,ES,air,97.5,-0.4303421866930638,0.3043536222866618,-0.02597402597402587,1
2009-06-30,ES,air,96.9,-0.48462601439210545,0.18941809389406966,-0.006153846153846065,2
2009-09-30,ES,air,99.8,-0.2222541805134023,0.1457664628685074,0.029927760577915352,3
2009-12-31,ES,air,98.6,-0.33082183591148695,0.11562629920523512,-0.012024048096192397,4
2010-03-31,ES,air,97.1,-0.4665314051590924,0.12338878422790148,-0.015212981744421872,1
2010-06-30,ES,air,97.5,-0.4303421866930638,0.10969273887139826,0.004119464469618972,2
2010-09-30,ES,air,98.7,-0.3217745312949791,0.07214244531285086,0.012307692307692353,3
2010-12-31,ES,air,98.4,-0.3489164451445,0.06785478462380282,-0.003039513677811523,4
2011-03-31,ES,air,98.2,-0.3670110543775143,0.04613238278498709,-0.002032520325203291,1
2011-06-30,ES,air,100.4,-0.16797035281435935,0.09088676834286047,0.022403258655804503,2
2011-09-30,ES,air,102.5,0.0220230441322878,0.1820547604163786,0.020916334661354563,3
2011-12-31,ES,air,103.1,0.07630687183132948,0.20128982042769866,0.005853658536585371,4
2012-03-31,ES,air,102.6,0.031070348748794316,0.10819002762645526,-0.004849660523763344,1
2012-06-30,ES,air,103.4,0.1034487856808516,0.03838446267475395,0.007797270955165914,2
2012-09-30,ES,air,106.0,0.3386787057100339,0.13748232019758685,0.025145067698259194,3
2012-12-31,ES,air,105.0,0.24820565954496357,0.1388891411911858,-0.009433962264150941,4
2013-03-31,ES,air,107.8,0.5015301888071602,0.16674225771083773,0.026666666666666616,1
2013-06-30,ES,air,109.5,0.6553343672877799,0.17994434619971308,0.01576994434137302,2
2013-09-30,ES,air,110.0,0.7005708903703152,0.20409978627119482,0.004566210045662045,3
2013-12-31,ES,air,109.0,0.6100978442052448,0.08531213284124502,-0.009090909090909038,4
2014-03-31,ES,air,109.5,0.6553343672877799,0.03693546642994555,0.004587155963302836,1
2014-06-30,ES,air,110.2,0.7186654996033295,0.04865117429713329,0.006392694063926951,2
2014-09-30,ES,air,111.3,0.8181858503849063,0.09017096503404422,0.009981851179673207,3
2014-12-31,ES,air,109.3,0.6372397580547656,0.08171841524740403,-0.017969451931716063,4
2015-03-31,ES,air,112.0,0.8815169827004558,0.1078110771534598,0.02470265324794152,1
2015-06-30,ES,air,114.2,1.0805576842636107,0.18289583714058252,0.019642857142857073,2
2015-09-30,ES,air,116.7,1.3067402996762865,0.28519346753619396,0.02189141856392296,3
2015-12-31,ES,air,114.0,1.0624630750305963,0.1742438213603377,-0.023136246786632397,4
2016-03-31,ES,air,111.1,0.800091241151892,0.20723397129554622,-0.02543859649122815,1
2016-06-30,ES,air,110.5,0.7458074134528503,0.25869332793273775,-0.005400540054005365,2
2016-09-30,ES,air,110.6,0.7548547180693568,0.14966841661530303,0.0009049773755656076,3
2016-12-31,ES,air,109.3,0.6372397580547656,0.069050555667496,-0.011754068716093968,4
2017-03-31,ES,air,109.5,0.6553343672877799,0.060634942843806605,0.0018298261665141702,1
2017-06-30,ES,air,110.9,0.7819966319188789,0.07176324455110275,0.012785388127853903,2
2017-09-30,ES,air,111.2,0.8091385457683998,0.08720994721485333,0.0027051397655544207,3
2017-12-31,ES,air,108.7,0.582955930355724,0.1066341692475515,-0.02248201438848918,4
2018-03-31,ES,air,108.6,0.5739086257392162,0.1259060652479552,-0.0009199632014720294,1
2018-06-30,ES,air,109.2,0.6281924534382591,0.10966164241751263,0.005524861878453136,2
2018-09-30,ES,air,108.8,0.5920032349722305,0.023794009800044827,-0.003663003663003761,3
2018-12-31,ES,air,106.4,0.3748679241760625,0.11384275323347894,-0.022058823529411686,4
2019-03-31,ES,air,105.0,0.24820565954496357,0.1805687278060835,-0.013157894736842146,1
2019-06-30,ES,air,107.9,0.510577493423668,0.15145793231418708,0.027619047619047654,2
2019-09-30,ES,air,111.4,0.8272331550014141,0.24891051709453094,0.0324374420759963,3
2019-12-31,ES,air,110.0,0.7005708903703152,0.25185275955426106,-0.012567324955116699,4
2020-03-31,ES,air,107.0,0.4291517518751042,0.18054983887587814,-0.027272727272727226,1
2020-06-30,ES,air,109.9,0.6915235857538087,0.1672120414466404,0.02710280373831786,2
2020-09-30,ES,air,103.3,0.09440148106434379,0.28557589273988376,-0.060054595086442286,3
2020-12-31,ES,air,99.3,-0.26749070359593746,0.4156758154088186,-0.038722168441432725,4
2021-03-31,ES,air,98.5,-0.33986914052799344,0.47124212947820954,-0.00805639476334341,1
2021-06-30,ES,air,96.8,-0.4936733190086132,0.24923914813270096,-0.01725888324873104,2
2021-09-30,ES,air,101.7,-0.050355392799768195,0.18428910168130794,0.05061983471074383,3
2021-12-31,ES,air,103.0,0.06725956721482296,0.25791430835879875,0.012782694198623323,4
2022-03-31,ES,air,103.4,0.1034487856808516,0.2748529846609441,0.003883495145631022,1
2022-06-30,ES,air,115.7,1.2162672535112162,0.5917287665061629,0.1189555125725339,2
2022-09-30,ES,air,120.4,1.6414905704870468,0.7950096392402481,0.04062229904926529,3
2022-12-31,ES,air,109.6,0.6643816719042865,0.6682512963683807,-0.08970099667774101,4
2023-03-31,ES,air,110.2,0.7186654996033295,0.4602802330345937,0.005474452554744547,1
2023-06-30,ES,air,118.2,1.442449868923892,0.49817715878788743,0.072595281306715,2
2023-09-30,ES,air,119.2,1.5329229150889623,0.4616785559513847,0.008460236886632888,3
2023-12-31,ES,air,108.5,0.5648613211227097,0.4937969351777152,-0.08976510067114096,4
2006-03-31,FR,air,61.6,-0.8514040712226834,,,1
2006-06-30,FR,air,62.7,-0.7706102318003463,,0.017857142857142794,2
2006-09-30,FR,air,62.6,-0.7779551262932861,,-0.0015948963317384823,3
2006-12-31,FR,air,61.4,-0.8660938602085629,0.04922540763805523,-0.019169329073482455,4
2007-03-31,FR,air,59.1,-1.0350264335461763,0.12297672756737626,-0.037459283387622055,1
2007-06-30,FR,air,60.9,-0.9028183326732615,0.10677499585775664,0.030456852791878042,2
2007-09-30,FR,air,61.9,-0.8293693877438644,0.08963078806316473,0.016420361247947435,3
2007-12-31,FR,air,66.8,-0.4694695575898181,0.24192667251472197,0.07915993537964461,4
2008-03-31,FR,air,66.2,-0.5135389245474561,0.21907822885523417,-0.008982035928143617,1
2008-06-30,FR,air,71.7,-0.1095697274357714,0.29468195132937164,0.08308157099697877,2
2008-09-30,FR,air,75.0,0.1328117908312392,0.30739794775229595,0.046025104602510414,3
2008-12-31,FR,air,67.0,-0.4547797686039385,0.3038085487513778,-0.10666666666666669,4
2009-03-31,FR,air,58.8,-1.0570611170249957,0.5163544411296754,-0.12238805970149258,1
2009-06-30,FR,air,55.4,-1.3067875297849463,0.6444979254224958,-0.05782312925170063,2
2009-09-30,FR,air,56.4,-1.233338584855549,0.38661411128514345,0.018050541516245522,3
2009-12-31,FR,air,60.1,-0.9615774886167792,0.15837007389133712,0.06560283687943258,4
2010-03-31,FR,air,60.4,-0.9395428051379602,0.18710268764780522,0.004991680532445919,1
2010-06-30,FR,air,63.4,-0.7191959703497686,0.21061412918221867,0.04966887417218535,2
2010-09-30,FR,air,62.7,-0.7706102318003463,0.12091222335010167,-0.011041009463722329,3
2010-12-31,FR,air,64.4,-0.6457470254203708,0.12484520288966808,0.027113237639553533,4
2011-03-31,FR,air,66.2,-0.5135389245474561,0.11161259394908006,0.02795031055900621,1
2011-06-30,FR,air,69.9,-0.24177782830868616,0.22654366317249333,0.0558912386706949,2
2011-09-30,FR,air,69.1,-0.30053698425220476,0.18764252917903154,-0.011444921316166146,3
2011-12-31,FR,air,70.1,-0.22708803932280755,0.13239499155409656,0.01447178002894356,4
2012-03-31,FR,air,70.4,-0.20505335584398757,0.040839638900937496,0.0042796005706136064,1
2012-06-30,FR,air,70.9,-0.16832888337928895,0.05573576447748864,0.007102272727272707,2
2012-09-30,FR,air,70.2,-0.2197431448298672,0.026140671084678685,-0.009873060648801113,3
2012-12-31,FR,air,72.0,-0.08753504395695244,0.059178461110281244,0.02564102564102555,4
2013-03-31,FR,air,73.2,0.0006036899583244218,0.09639736815968444,0.016666666666666607,1
2013-06-30,FR,air,73.8,0.04467305691596233,0.11659658540595824,0.008196721311475308,2
2013-09-30,FR,air,74.0,0.05936284590184198,0.06610405043645776,0.0027100271002711285,3
2013-12-31,FR,air,73.3,0.007948584451263726,0.02836752551352064,-0.009459459459459474,4
2014-03-31,FR,air,72.7,-0.03612078250637418,0.0426172695291245,-0.008185538881309573,1
2014-06-30,FR,air,72.2,-0.07284525497107279,0.05705112618037563,-0.00687757909215958,2
2014-09-30,FR,air,72.3,-0.06550036047813348,0.03666321391919169,0.0013850415512464131,3
2014-12-31,FR,air,73.6,0.02998326793008268,0.04683870181703326,0.017980636237897585,4
2015-03-31,FR,air,74.2,0.07405263488772162,0.07230774137655237,0.008152173913043681,1
2015-06-30,FR,air,72.6,-0.04346567699931453,0.06469486026059844,-0.021563342318059453,2
2015-09-30,FR,air,70.2,-0.2197431448298672,0.12938972052119593,-0.03305785123966931,3
2015-12-31,FR,air,71.8,-0.10222483294283209,0.12231693708494946,0.022792022792022637,4
2016-03-31,FR,air,68.7,-0.32991656222396304,0.1272703005516329,-0.04317548746518096,1
2016-06-30,FR,air,68.6,-0.3372614567169034,0.11064167943226698,-0.0014556040756915634,2
2016-09-30,FR,air,67.2,-0.44008997961805885,0.1425962920080846,-0.020408163265306034,3
2016-12-31,FR,air,66.5,-0.4915042410686371,0.07922051252513135,-0.01041666666666674,4
2017-03-31,FR,air,66.1,-0.5208838190403964,0.08068247639294608,-0.006015037593985029,1
2017-06-30,FR,air,65.7,-0.5502633970121547,0.046982452646526736,-0.0060514372163387176,2
2017-09-30,FR,air,65.2,-0.5869878694768532,0.0408396389009372,-0.007610350076103556,3
2017-12-31,FR,air,66.4,-0.4988491355615764,0.038165191314014434,0.01840490797546024,4
2018-03-31,FR,air,66.3,-0.5061940300545167,0.04111391759719725,-0.001506024096385672,1
2018-06-30,FR,air,65.9,-0.535573608026275,0.04000552163974907,-0.006033182503770607,2
2018-09-30,FR,air,64.4,-0.6457470254203708,0.06798161786809528,-0.022761760242792084,3
2018-12-31,FR,air,64.5,-0.6384021309274315,0.07105339221977401,0.0015527950310558758,4
2019-03-31,FR,air,65.9,-0.535573608026275,0.06156143376049132,0.02170542635658923,1
2019-06-30,FR,air,64.8,-0.6163674474486125,0.050532304736552666,-0.016691957511380973,2
2019-09-30,FR,air,64.1,-0.6677817088991908,0.05669541773472482,-0.010802469135802517,3
2019-12-31,FR,air,64.3,-0.6530919199133112,0.05917846111028216,0.0031201248049923525,4
2020-03-31,FR,air,66.3,-0.5061940300545167,0.07305001309516167,0.031104199066874116,1
2020-06-30,FR,air,102.1,2.123278198417903,1.3680970968953836,0.5399698340874812,2
2020-09-30,FR,air,90.7,1.2859602262227756,1.3637196594426304,-0.1116552399608226,3
2020-12-31,FR,air,94.7,1.5797560059403644,1.1387113459127083,0.044101433296582115,4
2021-03-31,FR,air,99.7,1.9470007305873505,0.3748055831931141,0.05279831045406547,1
2021-06-30,FR,air,99.5,1.9323109416014708,0.3162856325382526,-0.0020060180541625616,2
2021-09-30,FR,air,96.3,1.6972743178273995,0.1804613323573612,-0.032160804020100575,3
2021-12-31,FR,air,104.5,2.2995556662484566,0.24828206049126123,0.08515057113187963,4
2022-03-31,FR,air,104.8,2.3215903497272756,0.3020276225648383,0.002870813397129135,1
2022-06-30,FR,air,112.7,2.901837014669514,0.4918840618034492,0.07538167938931295,2
2022-09-30,FR,air,107.4,2.512557606543709,0.27888039841551887,-0.04702750665483579,3
2022-12-31,FR,air,103.3,2.21141693233318,0.30334206772235944,-0.038175046554934866,4
2023-03-31,FR,air,91.6,1.3520642766592323,0.6586559134801312,-0.11326234269119073,1
2023-06-30,FR,air,83.1,0.7277482447593562,0.8140692641124733,-0.09279475982532748,2
2023-09-30,FR,air,76.0,0.2062607357606364,0.8628922594980016,-0.08543922984356189,3
2023-12-31,FR,air,84.1,0.8011971896887534,0.46880914411728514,0.10657894736842088,4
2024-03-31,FR,air,80.4,0.5294360934499845,0.2659757928159618,-0.04399524375743147,1
2010-03-31,IT,air,60.0,-0.8848339471536836,,,1
2010-06-30,IT,air,61.1,-0.8360635721137167,,0.018333333333333313,2
2010-09-30,IT,air,68.5,-0.5079719582084857,,0.12111292962356779,3
2010-12-31,IT,air,67.8,-0.5390076514157375,0.19596957170409066,-0.010218978102189857,4
2011-03-31,IT,air,62.0,-0.7961605379901077,0.17020136557224091,-0.08554572271386429,1
2011-06-30,IT,air,64.5,-0.6853187765356377,0.13394284049234037,0.040322580645161255,2
2011-09-30,IT,air,70.7,-0.41043120812855205,0.1684989222117606,0.09612403100775202,3
2011-12-31,IT,air,68.1,-0.5257066400412012,0.17042739350851108,-0.036775106082036935,4
2012-03-31,IT,air,68.2,-0.521272969583022,0.11311653831282548,0.001468428781204345,1
2012-06-30,IT,air,67.3,-0.5611760037066315,0.06529950229754618,-0.013196480938416522,2
2012-09-30,IT,air,69.0,-0.48580360591759175,0.030823842995861366,0.025260029717682153,3
2012-12-31,IT,air,68.6,-0.5035382877503072,0.032252222687807544,-0.005797101449275477,4
2013-03-31,IT,air,68.7,-0.499104617292128,0.03337545872041177,0.001457725947521915,1
2013-06-30,IT,air,68.9,-0.4902372763757703,0.008094737741631063,0.0029112081513829047,2
2013-09-30,IT,air,69.6,-0.4592015831685192,0.019992527417641542,0.01015965166908539,3
2013-12-31,IT,air,69.3,-0.4725025945430555,0.01787269700242787,-0.004310344827586188,4
2014-03-31,IT,air,70.0,-0.44146690133580374,0.020637612850992675,0.010101010101010166,1
2014-06-30,IT,air,70.7,-0.41043120812855205,0.026847207865314124,0.010000000000000009,2
2014-09-30,IT,air,69.9,-0.4459005717939823,0.025437318916690186,-0.011315417256011262,3
2014-12-31,IT,air,67.8,-0.5390076514157375,0.055494726037441384,-0.030042918454935785,4
2015-03-31,IT,air,65.0,-0.6631504242447437,0.11289184884689404,-0.041297935103244754,1
2015-06-30,IT,air,64.9,-0.6675840947029222,0.10683827273137211,-0.0015384615384614886,2
2015-09-30,IT,air,66.5,-0.5966453673720618,0.06106029750269487,0.024653312788905923,3
2015-12-31,IT,air,66.2,-0.609946378746598,0.036291156774422594,-0.004511278195488688,4
2016-03-31,IT,air,64.4,-0.6897524469938162,0.04477787668744654,-0.027190332326283984,1
2016-06-30,IT,air,64.2,-0.698619787910174,0.0528797687999692,-0.0031055900621118626,2
2016-09-30,IT,air,67.3,-0.5611760037066315,0.06589882195634518,0.048286604361370555,3
2016-12-31,IT,air,65.6,-0.6365484014956712,0.06315711304408224,-0.025260029717682042,4
2017-03-31,IT,air,65.5,-0.6409820719538497,0.056373325133694606,-0.0015243902439023849,1
2017-06-30,IT,air,69.4,-0.46806892408487627,0.08114949352971182,0.05954198473282446,2
2017-09-30,IT,air,68.5,-0.5079719582084857,0.08856249803929035,-0.012968299711815678,3
2017-12-31,IT,air,71.0,-0.3971301967540158,0.1024552078361199,0.03649635036496357,4
2018-03-31,IT,air,70.4,-0.4237322195030883,0.04888779313778294,-0.00845070422535199,1
2018-06-30,IT,air,71.0,-0.3971301967540158,0.05250671462655912,0.008522727272727293,2
2018-09-30,IT,air,73.2,-0.2995894466740821,0.05466196051389633,0.030985915492957705,3
2018-12-31,IT,air,72.7,-0.3217577989649761,0.05930465848904093,-0.006830601092896127,4
2019-03-31,IT,air,72.1,-0.3483598217140492,0.0419835272213416,-0.008253094910591563,1
2019-06-30,IT,air,73.2,-0.2995894466740821,0.02317980130776531,0.015256588072122268,2
2019-09-30,IT,air,71.5,-0.3749618444631218,0.03265602210843288,-0.023224043715847076,3
2019-12-31,IT,air,70.2,-0.432599560419446,0.05543565765876925,-0.018181818181818188,4
2020-03-31,IT,air,67.2,-0.56560967416481,0.11236096659517524,-0.042735042735042694,1
2020-06-30,IT,air,87.6,0.3388590993036645,0.40621350679482937,0.3035714285714284,2
2020-09-30,IT,air,85.9,0.26348670151462544,0.4662368674438722,-0.019406392694063745,3
2020-12-31,IT,air,85.1,0.22801733784919453,0.42372685450380415,-0.00931315483119921,4
2021-03-31,IT,air,96.8,0.746756781456114,0.23948661580821357,0.13748531139835496,1
2021-06-30,IT,air,95.1,0.6713843836670743,0.2696501608643743,-0.017561983471074405,2
2021-09-30,IT,air,104.6,1.0925830771940601,0.3554133778575047,0.09989484752891697,3
2021-12-31,IT,air,103.6,1.0482463726122722,0.2116545613851269,-0.009560229445506718,4
2022-03-31,IT,air,101.7,0.9640066339068755,0.1894410766339367,-0.018339768339768248,1
2022-06-30,IT,air,125.4,2.014786532495251,0.49281432166285133,0.23303834808259594,2
2022-09-30,IT,air,144.5,2.861617590007401,0.8968370328678347,0.15231259968102062,3
2022-12-31,IT,air,133.2,2.3606128282331964,0.8032900594913931,-0.07820069204152258,4
2023-03-31,IT,air,126.4,2.059123237077039,0.3899341121207994,-0.0510510510510509,1
2023-06-30,IT,air,136.3,2.49805661243674,0.3328699467777759,0.07832278481012667,2
2023-09-30,IT,air,135.0,2.440418896480415,0.19526195441551214,-0.009537784299339824,3
2023-12-31,IT,air,125.7,2.028087543869787,0.24718789718779094,-0.06888888888888889,4
2015-03-31,NL,air,101.7,-0.04495406229212426,,,1
2015-06-30,NL,air,102.6,0.057702229210786216,,0.008849557522123908,2
2015-09-30,NL,air,104.6,0.2858273214394783,,0.01949317738791434,3
2015-12-31,NL,air,100.4,-0.1932353722407738,0.2013400496033601,-0.04015296367112797,4
2016-03-31,NL,air,96.1,-0.6837043205324631,0.4158071335795944,-0.042828685258964216,1
2016-06-30,NL,air,95.4,-0.7635481028125041,0.48672997987798955,-0.007284079084287076,2
2016-09-30,NL,air,98.0,-0.466985482915205,0.2552852970456306,0.027253668763102645,3
2016-12-31,NL,air,94.6,-0.8547981397039822,0.16565269708647232,-0.03469387755102049,4
2017-03-31,NL,air,94.3,-0.8890169035382857,0.19185464924990864,-0.003171247357293794,1
2017-06-30,NL,air,96.7,-0.6152667928638546,0.200827836020983,0.02545068928950167,2
2017-09-30,NL,air,99.3,-0.31870417296655545,0.2636424428963811,0.026887280248190315,3
2017-12-31,NL,air,95.5,-0.7521418482010701,0.2438378732420767,-0.038267875125881146,4
2018-03-31,NL,air,92.2,-1.1285482503784119,0.3360976359326306,-0.034554973821989465,1
2018-06-30,NL,air,96.1,-0.6837043205324631,0.33181224013855165,0.042299349240780826,2
2018-09-30,NL,air,101.1,-0.11339158996073287,0.4191313581840946,0.05202913631633721,3
2018-12-31,NL,air,97.9,-0.47839173752663894,0.42345480213660147,-0.03165182987141435,4
2019-03-31,NL,air,91.4,-1.2197982872698883,0.46204718086475843,-0.06639427987742597,1
2019-06-30,NL,air,97.6,-0.5126105013609441,0.4625748396325172,0.06783369803063444,2
2019-09-30,NL,air,100.4,-0.1932353722407738,0.4366649368237978,0.028688524590164022,3
2019-12-31,NL,air,94.6,-0.8547981397039822,0.4419586367338663,-0.057768924302788904,4
2020-03-31,NL,air,91.7,-1.1855795234355848,0.4285448917689305,-0.030655391120507303,1
2020-09-30,NL,air,103.7,0.18317102993656786,0.6207769585774804,0.13086150490730653,3
2020-12-31,NL,air,95.6,-0.7407355935896361,0.5862859252423063,-0.07810993249758924,4
2021-06-30,NL,air,99.7,-0.2730791545208164,0.5905147011550226,0.042887029288702916,2
2021-09-30,NL,air,101.3,-0.09057908073786333,0.3885248936730805,0.016048144433299827,3
2021-12-31,NL,air,107.0,0.5595774321139095,0.5386361450011943,0.05626850937808503,4
2022-03-31,NL,air,104.6,0.2858273214394783,0.37397906703509326,-0.02242990654205612,1
2022-06-30,NL,air,116.1,1.597546601754458,0.7238254958472633,0.10994263862332687,2
2022-09-30,NL,air,126.6,2.7952033359550916,1.1402594517512488,0.0904392764857882,3
2022-12-31,NL,air,121.0,2.156453077714754,1.0673790394725982,-0.04423380726698256,4
2023-03-31,NL,air,112.6,1.1983276903542468,0.6941512694702554,-0.0694214876033058,1
2023-06-30,NL,air,116.9,1.688796638645936,0.6806501849892858,0.03818827708703387,2
2023-09-30,NL,air,115.0,1.472077801028678,0.40492203870593024,-0.016253207869974418,3
2023-12-31,NL,air,108.9,0.7762962697311676,0.39341934258797373,-0.053043478260869525,4
2006-03-31,PL,air,75.0,-1.7505162050186893,,,1
2006-06-30,PL,air,76.4,-1.6270627428582718,,0.01866666666666683,2
2006-09-30,PL,air,76.6,-1.6094265339782132,,0.002617801047120283,3
2006-12-31,PL,air,76.0,-1.6623351606183914,0.06276772742718846,-0.007832898172323688,4
2007-03-31,PL,air,75.5,-1.7064256828185405,0.04282307336979892,-0.006578947368421018,1
2007-06-30,PL,air,75.6,-1.6976075783785112,0.04401697665737096,0.0013245033112581073,2
2007-09-30,PL,air,76.1,-1.653517056178362,0.025959796569548846,0.006613756613756516,3
2007-12-31,PL,air,76.1,-1.653517056178362,0.028231709134084224,0.0,4
2008-03-31,PL,air,76.9,-1.582972220658123,0.047418668240648366,0.010512483574244502,1
2008-06-30,PL,air,77.0,-1.5741541162180936,0.043424128355620255,0.0013003901170349774,2
2008-09-30,PL,air,77.0,-1.5741541162180936,0.038437226127677075,0.0,3
2008-12-31,PL,air,80.2,-1.2919747741371403,0.1426199477656268,0.04155844155844157,4
2009-03-31,PL,air,81.7,-1.1597032075366935,0.20822368600039468,0.018703241895261735,1
2009-06-30,PL,air,82.4,-1.0979764764564848,0.2115579466672568,0.008567931456548328,2
2009-09-30,PL,air,86.0,-0.7805247166154131,0.217001229894035,0.043689320388349495,3
2009-12-31,PL,air,88.0,-0.6041626278148173,0.26330324348038664,0.023255813953488413,4
2010-03-31,PL,air,89.4,-0.4807091656543999,0.2679988150167958,0.015909090909090873,1
2010-06-30,PL,air,89.8,-0.4454367478942815,0.15137032499700845,0.004474272930648615,2
2010-09-30,PL,air,90.0,-0.4278005390142217,0.07952607053313795,0.00222717149220486,3
2010-12-31,PL,air,89.6,-0.46307295677434135,0.022768247760889006,-0.004444444444444473,4
2011-03-31,PL,air,91.8,-0.26907465909368583,0.08934905614480444,0.024553571428571397,1
2011-06-30,PL,air,93.2,-0.14562119693326836,0.14711530233035033,0.015250544662309462,2
2011-09-30,PL,air,95.7,0.07483141406747626,0.22543727318138096,0.02682403433476388,3
2011-12-31,PL,air,95.7,0.07483141406747626,0.17053402373811316,0.0,4
2012-03-31,PL,air,95.8,0.08364951850750554,0.1117733146017105,0.0010449320794148065,1
2012-06-30,PL,air,95.9,0.09246762294753608,0.008442692229856,0.0010438413361169019,2
2012-09-30,PL,air,97.4,0.22473918954798283,0.07091130466425451,0.01564129301355588,3
2012-12-31,PL,air,98.7,0.3393745472683698,0.12144251260821232,0.013347022587268942,4
2013-03-31,PL,air,97.9,0.26882971174813175,0.10393274916211746,-0.008105369807497431,1
2013-06-30,PL,air,99.6,0.4187374872286371,0.08488618365089896,0.017364657814095796,2
2013-09-30,PL,air,99.8,0.4363736961086969,0.07721088472598765,0.002008032128514081,3
2013-12-31,PL,air,98.8,0.3481926517083991,0.07632458666653907,-0.01002004008016033,4
2014-03-31,PL,air,96.2,0.11892193626762518,0.1461430667920781,-0.02631578947368418,1
2014-06-30,PL,air,97.0,0.1894667717878632,0.14498565602302754,0.008316008316008316,2
2014-09-30,PL,air,96.2,0.11892193626762518,0.10811921449305367,-0.008247422680412342,3
2014-12-31,PL,air,94.9,0.004286578547238232,0.07666343222442064,-0.013513513513513487,4
2015-03-31,PL,air,94.2,-0.05744015253297051,0.11116292397513257,-0.00737618545837726,1
2015-06-30,PL,air,94.8,-0.004531525892792303,0.07425905107229107,0.006369426751592355,2
2015-09-30,PL,air,99.2,0.3834650694685187,0.2031834909316766,0.04641350210970474,3
2015-12-31,PL,air,97.9,0.26882971174813175,0.21253583058615408,-0.01310483870967738,4
2016-03-31,PL,air,97.5,0.23355729398801212,0.16299584868246586,-0.0040858018386108474,1
2016-06-30,PL,air,97.1,0.19828487622789248,0.08029641497065958,-0.004102564102564155,2
2016-09-30,PL,air,97.6,0.2423753984280414,0.02913535157228583,0.005149330587023604,3
2016-12-31,PL,air,96.0,0.10128572738756536,0.06459926086356248,-0.016393442622950727,4
2017-03-31,PL,air,93.3,-0.13680309249323908,0.169313728821468,-0.028125000000000067,1
2017-06-30,PL,air,96.7,0.1630124584677741,0.16339291589369087,0.03644158628081473,2
2017-09-30,PL,air,96.9,0.1806486673478339,0.14656368695585295,0.0020682523267838704,3
2017-12-31,PL,air,95.6,0.06601330962744571,0.14567675786151463,-0.013415892672858698,4
2018-03-31,PL,air,95.8,0.08364951850750554,0.0569206194022467,0.0020920502092049986,1
2018-06-30,PL,air,99.0,0.36582886058845887,0.13743707215880327,0.03340292275574108,2
2018-09-30,PL,air,96.8,0.17183056290780338,0.1373663316177049,-0.022222222222222254,3
2018-12-31,PL,air,100.3,0.48046421830884584,0.18048414557703418,0.03615702479338845,4
2019-03-31,PL,air,99.6,0.4187374872286371,0.1334178521816707,-0.006979062811565351,1
2019-06-30,PL,air,100.8,0.5245547405089948,0.15747580834256636,0.012048192771084265,2
2019-09-30,PL,air,99.9,0.4451918005487274,0.04582021474972839,-0.008928571428571397,3
2019-12-31,PL,air,100.1,0.462828009428786,0.04496368661259836,0.002002002002001957,4
2020-03-31,PL,air,96.8,0.17183056290780338,0.15658861363015822,-0.03296703296703296,1
2020-06-30,PL,air,97.9,0.26882971174813175,0.14079082496585932,0.011363636363636465,2
2020-09-30,PL,air,95.9,0.09246762294753608,0.15976351448840623,-0.020429009193054126,3
2020-12-31,PL,air,97.5,0.23355729398801212,0.07733666957949956,0.016684045881126153,4
2021-03-31,PL,air,100.4,0.48928232274887634,0.16424335986204247,0.029743589743589816,1
2021-06-30,PL,air,99.7,0.42755559166866763,0.18177205670884528,-0.006972111553784854,2
2021-09-30,PL,air,99.3,0.392283173908548,0.10904421979733465,-0.004012036108325012,3
2021-12-31,PL,air,100.5,0.4981004271889056,0.05059215316011598,0.012084592145015227,4
2022-03-31,PL,air,105.3,0.9213694403103351,0.2450100440524624,0.047761194029850795,1
2022-06-30,PL,air,111.1,1.4328194978320623,0.4733112937611992,0.05508072174738832,2
2022-09-30,PL,air,115.5,1.8208160931933732,0.5790480645219841,0.03960396039603964,3
2022-12-31,PL,air,115.5,1.8208160931933732,0.42628945957411585,0.0,4
2023-03-31,PL,air,115.3,1.8031798843133136,0.1912397281829328,-0.0017316017316018062,1
2023-06-30,PL,air,123.1,2.4909920306356366,0.3381295603030808,0.06764960971379019,2
2023-09-30,PL,air,124.6,2.623263597236083,0.4336365059869925,0.012185215272136452,3
2023-12-31,PL,air,121.9,2.38517477735528,0.3616766793850083,-0.02166934189406089,4
2015-03-31,DE,road,91.7,-0.8016462238779437,,,1
2015-06-30,DE,road,92.0,-0.7712787064528938,,0.0032715376226826187,2
2015-09-30,DE,road,92.0,-0.7712787064528938,,0.0,3
2015-12-31,DE,road,91.8,-0.7915237180695942,0.01518375871252505,-0.0021739130434782483,4
2016-03-31,DE,road,91.2,-0.8522587529196939,0.03832318847696707,-0.006535947712418277,1
2016-06-30,DE,road,91.1,-0.8623812587280448,0.04479518584849917,-0.0010964912280703176,2
2016-09-30,DE,road,91.2,-0.8522587529196939,0.03240783114250033,0.001097694840834329,3
2016-12-31,DE,road,91.2,-0.8522587529196939,0.005061252904174523,0.0,4
2017-03-31,DE,road,91.6,-0.8117687296862945,0.022445196788631237,0.004385964912280604,1
2017-06-30,DE,road,91.7,-0.8016462238779437,0.026621741238328986,0.0010917030567687558,2
2017-09-30,DE,road,91.8,-0.7915237180695942,0.02662174123832911,0.0010905125408942062,3
2017-12-31,DE,road,92.1,-0.7611562006445444,0.021867111787348317,0.0032679738562091387,4
2018-03-31,DE,road,93.1,-0.6599311425610438,0.06474975920513765,0.010857763300760048,1
2018-06-30,DE,road,93.6,-0.6093186135192935,0.08529375002100552,0.005370569280343629,2
2018-09-30,DE,road,94.4,-0.5283385670524919,0.0974428113092375,0.008547008547008739,3
2018-12-31,DE,road,94.8,-0.48784854381909265,0.07769751312780179,0.004237288135593209,4
2019-03-31,DE,road,96.6,-0.305643439268792,0.1284401998529008,0.018987341772151778,1
2019-06-30,DE,road,97.1,-0.2550309102270417,0.13413115966938569,0.005175983436852993,2
2019-09-30,DE,road,97.3,-0.23478589861034133,0.1152662615769709,0.002059732234809486,3
2019-12-31,DE,road,97.4,-0.2246633928019904,0.036026262207469205,0.0010277492291881352,4
2020-03-31,DE,road,97.8,-0.18417336956859107,0.029799850222459002,0.004106776180698102,1
2020-06-30,DE,road,97.4,-0.2246633928019904,0.022445196788637788,-0.004089979550102152,2
2020-09-30,DE,road,97.3,-0.23478589861034133,0.022445196788637788,-0.0010266940451746365,3
2020-12-31,DE,road,97.3,-0.23478589861034133,0.02409638358261964,0.0,4
2021-03-31,DE,road,97.9,-0.17405086376024015,0.029074684378011285,0.006166495375128589,1
2021-06-30,DE,road,99.1,-0.052580794060040674,0.08589230999621608,0.012257405515832431,2
2021-09-30,DE,road,100.8,0.1195018046819105,0.15624441031569566,0.017154389505549927,3
2021-12-31,DE,road,102.2,0.2612168859988118,0.1911698045446223,0.01388888888888884,4
2022-03-31,DE,road,106.8,0.7268521531829136,0.33433652410289905,0.045009784735812186,1
2022-06-30,DE,road,113.0,1.354447513300617,0.5567684928743043,0.05805243445692887,2
2022-09-30,DE,road,115.8,1.6378776759344182,0.6199019030794973,0.024778761061946986,3
2022-12-31,DE,road,118.0,1.8605728037181197,0.4911936599775191,0.01899827288428324,4
2023-03-31,DE,road,119.9,2.0529004140767713,0.30043840523939735,0.016101694915254372,1
2023-06-30,DE,road,119.2,1.9820428734183206,0.18190023705324704,-0.005838198498749003,2
2023-09-30,DE,road,119.4,2.002287885035021,0.08155791984403873,0.001677852348993314,3
2023-12-31,DE,road,120.7,2.1338804605435713,0.06765187012585068,0.010887772194304812,4
2005-03-31,ES,road,79.8,-2.270018112983388,,,1
2005-06-30,ES,road,83.7,-1.7632901654850615,,0.048872180451127845,2
2005-09-30,ES,road,85.4,-1.5424087524729704,,0.020310633213858953,3
2005-12-31,ES,road,85.3,-1.5554017767678003,0.3402254279300756,-0.0011709601873537423,4
2006-03-31,ES,road,87.4,-1.2825482665763932,0.1969061288572321,0.024618991793669442,1
2006-06-30,ES,road,89.5,-1.0096947563849876,0.25790416834252394,0.024027459954233388,2
2006-09-30,ES,road,92.4,-0.6328970518349498,0.39388369758039743,0.03240223463687153,3
2006-12-31,ES,road,91.6,-0.7368412461935823,0.29176500741931255,-0.008658008658008809,4
2007-03-31,ES,road,92.2,-0.658883100424608,0.17249432572539672,0.0065502183406114245,1
2007-06-30,ES,road,90.8,-0.8407854405522128,0.09339324645556624,-0.015184381778741929,2
2007-09-30,ES,road,93.7,-0.4639877360021749,0.15926395298052523,0.0319383259911894,3
2007-12-31,ES,road,92.9,-0.5679319303608055,0.15983708462891028,-0.008537886872998945,4
2008-03-31,ES,road,91.8,-0.7108551976039241,0.164692242194481,-0.011840688912809538,1
2008-06-30,ES,road,93.4,-0.5029668088866611,0.10844830440988128,0.017429193899782147,2
2008-09-30,ES,road,95.1,-0.28208539587457193,0.1784669652573653,0.01820128479657379,3
2008-12-31,ES,road,94.6,-0.3470505173487162,0.19077340966082101,-0.00525762355415349,4
2009-03-31,ES,road,90.3,-0.9057505620263571,0.27997882163605026,-0.045454545454545414,1
2009-06-30,ES,road,90.0,-0.9447296349108434,0.35392578431346433,-0.0033222591362126463,2
2009-09-30,ES,road,89.5,-1.0096947563849876,0.30618726373639155,-0.005555555555555536,3
2009-12-31,ES,road,92.4,-0.6328970518349498,0.16588382951071465,0.03240223463687153,4
2010-03-31,ES,road,92.8,-0.5809249546556354,0.2164745990037369,0.0043290043290042934,1
2010-06-30,ES,road,91.6,-0.7368412461935823,0.1910681543860719,-0.012931034482758674,2
2010-09-30,ES,road,96.0,-0.1651481772211114,0.25104908017167527,0.048034934497816595,3
2010-12-31,ES,road,95.0,-0.29507842016940006,0.2610487961249135,-0.01041666666666663,4
2011-03-31,ES,road,95.0,-0.29507842016940006,0.2501508694918092,0.0,1
2011-06-30,ES,road,98.2,0.12069835726512403,0.1960468980139394,0.03368421052631576,2
2011-09-30,ES,road,96.7,-0.07419700715730897,0.2002710782933661,-0.01527494908350302,3
2011-12-31,ES,road,94.5,-0.36004354164354435,0.2192191848344271,-0.022750775594622574,4
2012-03-31,ES,road,92.8,-0.5809249546556354,0.30938679956463655,-0.017989417989418,1
2012-06-30,ES,road,94.1,-0.4120156388228606,0.21067805937586415,0.014008620689655249,2
2012-09-30,ES,road,95.4,-0.24310632299008383,0.14034070223816303,0.013815090329436952,3
2012-12-31,ES,road,98.1,0.10770533297029405,0.29418992184267917,0.028301886792452713,4
2013-03-31,ES,road,94.9,-0.3080714444642282,0.22538933993152444,-0.032619775739041734,1
2013-06-30,ES,road,95.0,-0.29507842016940006,0.19690612885722908,0.0010537407797681642,2
2013-09-30,ES,road,98.6,0.17267045444443838,0.2564819924160401,0.0378947368421052,3
2013-12-31,ES,road,96.9,-0.04821095856765086,0.2286427737927021,-0.01724137931034475,4
2014-03-31,ES,road,95.9,-0.1781412015159395,0.20044661612905773,-0.01031991744066052,1
2014-06-30,ES,road,97.8,0.06872626008580782,0.15115156214029793,0.019812304483837195,2
2014-09-30,ES,road,99.0,0.22464255162375457,0.17138976158663888,0.012269938650306678,3
2014-12-31,ES,road,99.4,0.2766146488030708,0.20416695574250845,0.004040404040404066,4
2015-03-31,ES,road,97.1,-0.022224909977994606,0.13806680503827784,-0.023138832997988024,1
2015-06-30,ES,road,96.8,-0.061203982862480834,0.17085538760319696,-0.003089598352214229,2
2015-09-30,ES,road,98.0,0.09471230867546593,0.15166260315060598,0.012396694214876103,3
2015-12-31,ES,road,97.5,0.029747187201321596,0.06751373466785233,-0.005102040816326481,4
2016-03-31,ES,road,94.5,-0.36004354164354435,0.20100730705961406,-0.03076923076923077,1
2016-06-30,ES,road,95.6,-0.21712027440042758,0.2124402516955919,0.011640211640211673,2
2016-09-30,ES,road,97.2,-0.009231885683164633,0.18282805776069916,0.01673640167364021,3
2016-12-31,ES,road,97.4,0.016754162906493467,0.17889999481592786,0.002057613168724215,4
2017-03-31,ES,road,94.5,-0.36004354164354435,0.17889999481592786,-0.029774127310061682,1
2017-06-30,ES,road,95.3,-0.2560993472849138,0.18527402678093252,0.00846560846560851,2
2017-09-30,ES,road,96.6,-0.08719003145213894,0.16857583215933172,0.01364113326337879,3
2017-12-31,ES,road,98.8,0.1986565030340965,0.24400147799068642,0.022774327122153215,4
2018-03-31,ES,road,95.9,-0.1781412015159395,0.1986134393812358,-0.029352226720647634,1
2018-06-30,ES,road,97.1,-0.022224909977994606,0.1605396686069729,0.012513034410844615,2
2018-09-30,ES,road,100.2,0.38055884316170135,0.2453813276982243,0.03192584963954692,3
2018-12-31,ES,road,98.4,0.14668440585478212,0.23934453309812442,-0.017964071856287345,4
2019-03-31,ES,road,97.6,0.042740211496149726,0.17668442952606422,-0.008130081300813163,1
2019-06-30,ES,road,99.1,0.2376355759185827,0.14326736503115342,0.015368852459016313,2
2019-09-30,ES,road,100.9,0.4715100132255038,0.18282805776069858,0.01816347124117068,3
2019-12-31,ES,road,100.5,0.41953791604618756,0.19457026767496413,-0.003964321110009994,4
2020-03-31,ES,road,98.6,0.17267045444443838,0.14287404276524746,-0.018905472636815968,1
2020-06-30,ES,road,100.6,0.4325309403410157,0.13606535908311856,0.020283975659229236,2
2020-09-30,ES,road,101.8,0.5884472318789624,0.1718406262607602,0.011928429423459175,3
2020-12-31,ES,road,99.3,0.2636216245082408,0.18416972205595197,-0.024557956777996104,4
2021-03-31,ES,road,98.3,0.13369138155995214,0.19818799061123124,-0.010070493454179208,1
2021-06-30,ES,road,99.1,0.2376355759185827,0.19658435739217658,0.008138351983723258,2
2021-09-30,ES,road,100.7,0.44552396463584565,0.1297135117833062,0.016145307769929396,3
2021-12-31,ES,road,101.8,0.5884472318789624,0.20444239189573002,0.010923535253227312,4
2022-03-31,ES,road,104.1,0.887286790660026,0.272827729163312,0.022593320235756442,1
2022-06-30,ES,road,112.9,2.0306729286049676,0.7190810452342741,0.08453410182516818,2
2022-09-30,ES,road,118.3,2.7322962405257254,0.9987106528099945,0.047829937998228544,3
2022-12-31,ES,road,118.3,2.7322962405257254,0.8708234677731466,0.0,4
2023-03-31,ES,road,114.2,2.1995822444377424,0.36293356874828736,-0.0346576500422654,1
2023-06-30,ES,road,117.0,2.5633869246929506,0.2511611306482016,0.024518388791593626,2
2023-09-30,ES,road,118.7,2.7842683377050417,0.26426248458970414,0.014529914529914478,3
2023-12-31,ES,road,120.4,3.0051497507171328,0.3434970004592747,0.014321819713563722,4
2006-03-31,FR,road,83.5,-1.7691563146378289,,,1
2006-06-30,FR,road,84.0,-1.6989364304661447,,0.0059880239520957446,2
2006-09-30,FR,road,84.7,-1.6006285926257866,,0.008333333333333304,3
2006-12-31,FR,road,84.9,-1.5725406389571126,0.09056278180373548,0.0023612750885477762,4
2007-03-31,FR,road,86.4,-1.3618809864420602,0.14183721339262767,0.0176678445229681,1
2007-06-30,FR,road,87.1,-1.2635731486017039,0.16352842648429478,0.008101851851851638,2
2007-09-30,FR,road,87.7,-1.1793092875956819,0.16945170144222016,0.006888633754305484,3
2007-12-31,FR,road,88.5,-1.0669574729209876,0.12528560288524657,0.009122006841504993,4
2008-03-31,FR,road,90.8,-0.743946005731241,0.22771894504617113,0.025988700564971712,1
2008-06-30,FR,road,92.5,-0.5051983995475146,0.30734070274337755,0.018722466960352513,2
2008-09-30,FR,road,93.3,-0.39284658487282037,0.2982210179946047,0.00864864864864856,3
2008-12-31,FR,road,92.1,-0.5613743068848627,0.14656736332874118,-0.012861736334405127,4
2009-03-31,FR,road,90.9,-0.729902028896903,0.14043976834336797,-0.013029315960911947,1
2009-06-30,FR,road,90.6,-0.772033959399915,0.17328810602717662,-0.0033003300330034513,2
2009-09-30,FR,road,90.5,-0.786077936234251,0.10344034864980796,-0.001103752759381793,3
2009-12-31,FR,road,90.0,-0.8562978204059353,0.05254774966187873,-0.0055248618784530246,4
2010-03-31,FR,road,90.1,-0.8422538435715992,0.04134434833770349,0.0011111111111110628,1
2010-06-30,FR,road,90.2,-0.8282098667372612,0.030338457412594697,0.0011098779134295356,2
2010-09-30,FR,road,90.8,-0.743946005731241,0.050473721896584625,0.006651884700665134,3
2010-12-31,FR,road,90.6,-0.772033959399915,0.04640183219924602,-0.0022026431718061845,4
2011-03-31,FR,road,92.6,-0.49115442271317855,0.14928952153966768,0.02207505518763786,1
2011-06-30,FR,road,93.0,-0.43497851537583043,0.17219389427894827,0.004319654427645814,2
2011-09-30,FR,road,93.3,-0.39284658487282037,0.170996592215145,0.003225806451612856,3
2011-12-31,FR,road,93.4,-0.37880260803848237,0.050473721896585604,0.001071811361200492,4
2012-03-31,FR,road,94.7,-0.196230909192104,0.1057192169616865,0.013918629550321082,1
2012-06-30,FR,road,94.7,-0.196230909192104,0.10961201712228702,0.0,2
2012-09-30,FR,road,95.0,-0.15409897868909392,0.10029405541453015,0.0031678986272438703,3
2012-12-31,FR,road,94.7,-0.196230909192104,0.021065965251506103,-0.0031578947368420263,4
2013-03-31,FR,road,95.3,-0.11196704818608384,0.040338252365688554,0.0063357972544877406,1
2013-06-30,FR,road,95.5,-0.0838790945174098,0.04915391892017916,0.0020986358866736943,2
2013-09-30,FR,road,95.8,-0.04174716401439972,0.0652453196908649,0.003141361256544517,3
2013-12-31,FR,road,95.4,-0.09792307135174583,0.030338457412595266,-0.0041753653444676075,4
2014-03-31,FR,road,95.7,-0.055791140848735744,0.025640676364154878,0.0031446540880502027,1
2014-06-30,FR,road,95.9,-0.027703187180061695,0.03033845741259528,0.002089864158829613,2
2014-09-30,FR,road,96.3,0.02847272015728441,0.05301484995601047,0.004171011470281538,3
2014-12-31,FR,road,95.2,-0.1260110250204199,0.06422976634459222,-0.011422637590861817,4
2015-03-31,FR,road,94.0,-0.2945387470324622,0.1416052635834722,-0.012605042016806789,1
2015-06-30,FR,road,95.1,-0.1400550018547579,0.13199346020503974,0.011702127659574346,2
2015-09-30,FR,road,94.8,-0.18218693235776798,0.07638598054715479,-0.003154574132492094,3
2015-12-31,FR,road,94.2,-0.26645079336378813,0.07195396958986319,-0.006329113924050556,4
2016-03-31,FR,road,93.6,-0.3507146543698103,0.09342147973330343,-0.006369426751592466,1
2016-06-30,FR,road,94.2,-0.26645079336378813,0.06880115440718579,0.0064102564102566095,2
2016-09-30,FR,road,94.5,-0.22431886286077807,0.05301484995601135,0.0031847133757960666,3
2016-12-31,FR,road,94.8,-0.18218693235776798,0.07195396958986387,0.0031746031746031633,4
2017-03-31,FR,road,95.0,-0.15409897868909392,0.04915391892017925,0.0021097046413502962,1
2017-06-30,FR,road,95.2,-0.1260110250204199,0.041936421649924976,0.002105263157894832,2
2017-09-30,FR,road,95.1,-0.1400550018547579,0.023984656529955864,-0.0010504201680673342,3
2017-12-31,FR,road,95.7,-0.055791140848735744,0.04366449844888694,0.00630914826498441,4
2018-03-31,FR,road,96.2,0.014428743322948384,0.07114998938838364,0.0052246603970742544,1
2018-06-30,FR,road,97.2,0.15486851166631665,0.1248255964958627,0.01039501039501034,2
2018-09-30,FR,road,97.7,0.22508839583800078,0.12820338182077146,0.005144032921810648,3
2018-12-31,FR,road,97.9,0.25317634950667484,0.10664795413094214,0.0020470829068577334,4
2019-03-31,FR,road,98.5,0.33744021051269496,0.07552038908313466,0.006128702757916216,1
2019-06-30,FR,road,99.0,0.40766009468437914,0.08298631742165907,0.0050761421319796,2
2019-09-30,FR,road,99.2,0.43574804835305314,0.08148734424776728,0.002020202020202033,3
2019-12-31,FR,road,99.0,0.40766009468437914,0.0419364216499249,-0.0020161290322581182,4
2020-03-31,FR,road,99.2,0.43574804835305314,0.016216587611596382,0.002020202020202033,1
2020-06-30,FR,road,97.5,0.19700044216932672,0.11545424577051794,-0.017137096774193616,2
2020-09-30,FR,road,98.2,0.2953082800096849,0.10961201712228703,0.007179487179487243,3
2020-12-31,FR,road,98.1,0.2812643031753469,0.09897433928917355,-0.0010183299389002753,4
2021-03-31,FR,road,99.0,0.40766009468437914,0.08657288745495825,0.009174311926605672,1
2021-06-30,FR,road,99.4,0.4638360020217272,0.08835808326001815,0.004040404040404066,2
2021-09-30,FR,road,100.1,0.5621438398620834,0.11722024374738436,0.007042253521126751,3
2021-12-31,FR,road,101.5,0.7587595155427997,0.15427081089982309,0.013986013986013957,4
2022-03-31,FR,road,104.8,1.2222107510759146,0.33676273407393037,0.0325123152709359,1
2022-06-30,FR,road,109.8,1.9244095927927558,0.6053046338022008,0.04770992366412208,2
2022-09-30,FR,road,110.8,2.0648493611361243,0.6125251154086805,0.00910746812386165,3
2022-12-31,FR,road,112.3,2.2755090136511766,0.45642924711594707,0.013537906137184086,4
2023-03-31,FR,road,113.4,2.4299927588288828,0.22364050155682855,0.009795191451469343,1
2023-06-30,FR,road,112.5,2.3035969673198506,0.15147542878617135,-0.00793650793650802,2
2023-09-30,FR,road,113.8,2.486168666166229,0.10062127995575258,0.011555555555555541,3
2023-12-31,FR,road,113.6,2.458080712497555,0.08057457606814575,-0.0017574692442882123,4
2024-03-31,FR,road,114.5,2.584476504006587,0.11637590927194745,0.007922535211267734,1
2010-03-31,IT,road,93.7,-0.9335559006376877,,,1
2010-06-30,IT,road,93.7,-0.9335559006376877,,0.0,2
2010-09-30,IT,road,94.8,-0.7226756531889112,,0.011739594450373536,3
2010-12-31,IT,road,94.3,-0.8185303111201737,0.10189489906391165,-0.0052742616033755185,4
2011-03-31,IT,road,94.1,-0.8568721742926794,0.08767776185607036,-0.0021208907741251393,1
2011-06-30,IT,road,94.2,-0.8377012427064252,0.05960484856860339,0.0010626992561106885,2
2011-09-30,IT,road,95.5,-0.5884791320851431,0.12559033210225595,0.013800424628449992,3
2011-12-31,IT,road,94.8,-0.7226756531889112,0.12374783127472966,-0.007329842931937169,4
2012-03-31,IT,road,94.1,-0.8568721742926794,0.12374783127472966,-0.007383966244725815,1
2012-06-30,IT,road,95.7,-0.5501372689126376,0.13945672338185358,0.01700318809776835,2
2012-09-30,IT,road,95.7,-0.5501372689126376,0.14880644551751745,0.0,3
2012-12-31,IT,road,95.5,-0.5884791320851431,0.14808433025517956,-0.002089864158829724,4
2013-03-31,IT,road,96.2,-0.454282610981375,0.057245912600574426,0.00732984293193728,1
2013-06-30,IT,road,96.6,-0.3775988846363666,0.09521348245473268,0.004158004158004047,2
2013-09-30,IT,road,94.6,-0.7610175163614168,0.16813318686576215,-0.020703933747411973,3
2013-12-31,IT,road,95.2,-0.6459919268439,0.17535552371214164,0.00634249471458781,4
2014-03-31,IT,road,97.0,-0.3009151582913555,0.21773992676387097,0.018907563025210017,1
2014-06-30,IT,road,96.4,-0.41594074780886947,0.21000703356357645,-0.006185567010309256,2
2014-09-30,IT,road,97.4,-0.22423143194634437,0.18388111606524266,0.010373443983402453,3
2014-12-31,IT,road,98.0,-0.1092058424288304,0.12907794548557217,0.006160164271047153,4
2015-03-31,IT,road,97.7,-0.1667186371875874,0.13316554664379313,-0.003061224489795844,1
2015-06-30,IT,road,98.6,0.005819747088683564,0.09822179605095363,0.00921187308085969,2
2015-09-30,IT,road,97.7,-0.1667186371875874,0.08133537435781432,-0.009127789046653012,3
2015-12-31,IT,road,97.1,-0.2817442267051041,0.11856566380741336,-0.006141248720573311,4
2016-03-31,IT,road,94.5,-0.7801884479476682,0.3376751585455332,-0.026776519052523096,1
2016-06-30,IT,road,96.5,-0.39676981622261803,0.26633109328758714,0.021164021164021163,2
2016-09-30,IT,road,97.2,-0.2625732951188499,0.2406569225439865,0.007253886010362809,3
2016-12-31,IT,road,95.7,-0.5501372689126376,0.22212649538276844,-0.015432098765432056,4
2017-03-31,IT,road,92.5,-1.1636070796727185,0.39796040413192807,-0.03343782654127481,1
2017-06-30,IT,road,93.9,-0.8952140374651821,0.3939381549200916,0.015135135135135203,2
2017-09-30,IT,road,94.8,-0.7226756531889112,0.26163229938415344,0.009584664536741228,3
2017-12-31,IT,road,94.5,-0.7801884479476682,0.1957407505209065,-0.0031645569620253333,4
2018-03-31,IT,road,95.5,-0.5884791320851431,0.12752632803229766,0.010582010582010692,1
2018-06-30,IT,road,96.4,-0.41594074780886947,0.16191589198031414,0.009424083769633551,2
2018-09-30,IT,road,98.1,-0.09003491084257897,0.2929976541332454,0.01763485477178417,3
2018-12-31,IT,road,98.5,-0.013351184497567855,0.27128731030298064,0.004077471967380175,4
2019-03-31,IT,road,96.6,-0.3775988846363666,0.20228134068957346,-0.019289340101522945,1
2019-06-30,IT,road,98.2,-0.07086397925632483,0.1630468665558015,0.016563146997929712,2
2019-09-30,IT,road,99.0,0.08250347343369469,0.19884547637324734,0.008146639511201537,3
2019-12-31,IT,road,100.9,0.44675117357249344,0.34271670876348603,0.019191919191919204,4
2020-03-31,IT,road,98.5,-0.013351184497567855,0.23243519275071436,-0.02378592666005952,1
2020-06-30,IT,road,97.2,-0.2625732951188499,0.2940931713061074,-0.013197969543147225,2
2020-09-30,IT,road,101.8,0.6192895578487644,0.4066768717890752,0.047325102880658276,3
2020-12-31,IT,road,100.7,0.4084093103999879,0.3992282253999958,-0.01080550098231825,4
2021-03-31,IT,road,98.3,-0.05169304767007342,0.4060739405875506,-0.02383316782522349,1
2021-06-30,IT,road,99.2,0.12084533660620025,0.298229705978655,0.009155645981688831,2
2021-09-30,IT,road,100.6,0.38923837881373374,0.22191957731700793,0.014112903225806273,3
2021-12-31,IT,road,101.9,0.6384604894350185,0.3031190433991132,0.012922465208747624,4
2022-03-31,IT,road,105.5,1.3286140265401079,0.5179700484158178,0.03532875368007837,1
2022-06-30,IT,road,108.8,1.96125476888644,0.7095834880422033,0.03127962085308056,2
2022-09-30,IT,road,110.6,2.3063315374389846,0.7350246174725139,0.016544117647058876,3
2022-12-31,IT,road,112.0,2.574724579646521,0.5382390547402441,0.012658227848101333,4
2023-03-31,IT,road,110.9,2.3638443321977443,0.2545117166304724,-0.009821428571428537,1
2023-06-30,IT,road,110.1,2.210476879507722,0.15416417209114144,-0.007213706041478862,2
2023-09-30,IT,road,111.5,2.4788699217152583,0.15682322004979915,0.012715712988192518,3
2023-12-31,IT,road,110.9,2.3638443321977443,0.11012861748971466,-0.0053811659192825045,4
2015-03-31,NL,road,89.6,-0.9498439072750948,,,1
2015-06-30,NL,road,89.8,-0.9293804837790423,,0.0022321428571427937,2
2015-09-30,NL,road,89.7,-0.9396121955270678,,-0.00111358574610243,3
2015-12-31,NL,road,89.4,-0.970307330771146,0.017473974422252105,-0.0033444816053511683,4
2016-03-31,NL,road,89.3,-0.980539042519173,0.02435634571666992,-0.0011185682326623203,1
2016-06-30,NL,road,89.7,-0.9396121955270678,0.021093214133992705,0.004479283314669624,2
2016-09-30,NL,road,89.8,-0.9293804837790423,0.024356345716669916,0.0011148272017835748,3
2016-12-31,NL,road,90.1,-0.8986853485349641,0.033805963741137285,0.0033407572383072903,4
2017-03-31,NL,road,90.8,-0.8270633662987806,0.05081635718220208,0.007769145394006749,1
2017-06-30,NL,road,90.9,-0.8168316545507536,0.05478187527319569,0.0011013215859032588,2
2017-09-30,NL,road,90.9,-0.8168316545507536,0.03951702020200766,0.0,3
2017-12-31,NL,road,91.3,-0.7759048075586499,0.02268734521046583,0.004400440044004306,4
2018-03-31,NL,road,92.9,-0.6121974195902304,0.09742538286667936,0.017524644030668224,1
2018-06-30,NL,road,93.4,-0.5610388608500997,0.12401774479704801,0.005382131324004336,2
2018-09-30,NL,road,93.9,-0.5098803021099688,0.11526769937259873,0.005353319057815886,3
2018-12-31,NL,road,94.4,-0.45872174336983806,0.06604541533883151,0.005324813631522929,4
2019-03-31,NL,road,96.9,-0.20292894966918412,0.15905842305963544,0.026483050847457612,1
2019-06-30,NL,road,97.4,-0.1517703909290533,0.17966295379366412,0.005159958720330149,2
2019-09-30,NL,road,97.7,-0.12107525568497514,0.15381635516615527,0.0030800821355236874,3
2019-12-31,NL,road,97.9,-0.10061183218892253,0.04450108523198066,0.0020470829068577334,4
2020-03-31,NL,road,98.7,-0.018758138204713556,0.056891138944130004,0.008171603677221695,1
2020-06-30,NL,road,97.9,-0.10061183218892253,0.04537469042092696,-0.008105369807497431,2
2020-09-30,NL,road,97.6,-0.13130696743300216,0.048262887789752996,-0.003064351378958219,3
2020-12-31,NL,road,97.6,-0.13130696743300216,0.05316553378793565,0.0,4
2021-03-31,NL,road,98.1,-0.08014840869287138,0.02506247297789039,0.0051229508196721785,1
2021-06-30,NL,road,99.4,0.05286384403146984,0.08696954985821861,0.013251783893985847,2
2021-09-30,NL,road,100.4,0.1551809615117314,0.12979226471046304,0.010060362173038184,3
2021-12-31,NL,road,102.1,0.32912006122817494,0.17263013275175712,0.016932270916334646,4
2022-03-31,NL,road,107.3,0.8611690721255355,0.35961713490050345,0.050930460333006966,1
2022-06-30,NL,road,112.1,1.3522912360307908,0.5425943401013397,0.04473438956197584,2
2022-09-30,NL,road,113.4,1.485303488755132,0.5256069927797077,0.011596788581623718,3
2022-12-31,NL,road,114.4,1.5876206062353935,0.32171643125795474,0.008818342151675429,4
2023-03-31,NL,road,118.7,2.027584211400518,0.2925744809718728,0.037587412587412494,1
2023-06-30,NL,road,118.0,1.9559622291643346,0.26777323397436376,-0.005897219882055604,2
2023-09-30,NL,road,118.7,2.027584211400518,0.21076663943813836,0.0059322033898305815,3
2023-12-31,NL,road,119.6,2.1196696171327525,0.06709382078603376,0.0075821398483570945,4
2006-03-31,PL,road,66.4,-1.4828042746615735,,,1
2006-06-30,PL,road,66.9,-1.4489417055878508,,0.0075301204819278045,2
2006-09-30,PL,road,67.3,-1.4218516503288732,,0.005979073243647104,3
2006-12-31,PL,road,67.4,-1.415079136514128,0.03078825798361079,0.0014858841010403356,4
2007-03-31,PL,road,67.5,-1.408306622699384,0.01781141090187471,0.0014836795252224366,1
2007-06-30,PL,road,68.4,-1.3473539983666822,0.03431109946533237,0.01333333333333342,2
2007-09-30,PL,road,69.6,-1.2660838325897483,0.06914932281965527,0.01754385964912264,3
2007-12-31,PL,road,70.9,-1.1780411529980683,0.09999496814768963,0.018678160919540332,4
2008-03-31,PL,road,71.6,-1.130633556294857,0.09599704876854842,0.009873060648800891,1
2008-06-30,PL,road,73.0,-1.0358183628884328,0.09599704876854853,0.019553072625698498,2
2008-09-30,PL,road,73.8,-0.9816382523704765,0.08905705450937428,0.010958904109588996,3
2008-12-31,PL,road,74.6,-0.9274581418525202,0.08664230913188309,0.01084010840108407,4
2009-03-31,PL,road,74.9,-0.9071406004082857,0.05783134635122268,0.004021447721179738,1
2009-06-30,PL,road,75.4,-0.8732780313345629,0.04538931819723366,0.006675567423231055,2
2009-09-30,PL,road,75.4,-0.8732780313345629,0.02673499331456441,0.0,3
2009-12-31,PL,road,75.7,-0.8529604898903295,0.022461887211002424,0.003978779840848823,4
2010-03-31,PL,road,75.9,-0.8394154622608401,0.016589203122069112,0.0026420079260238705,1
2010-06-30,PL,road,76.4,-0.8055528931871173,0.02846604994642751,0.006587615283267567,2
2010-09-30,PL,road,76.4,-0.8055528931871173,0.024103553320993527,0.0,3
2010-12-31,PL,road,76.8,-0.7784628379281396,0.024960488392416515,0.005235602094240788,4
2011-03-31,PL,road,76.9,-0.7716903241133944,0.01781141090187024,0.0013020833333334814,1
2011-06-30,PL,road,78.6,-0.6565575892627377,0.0659813411121277,0.022106631989596837,2
2011-09-30,PL,road,80.2,-0.5481973682268241,0.1091159660637747,0.020356234096692294,3
2011-12-31,PL,road,80.8,-0.5075622853383571,0.11851899175802894,0.007481296758104605,4
2012-03-31,PL,road,80.3,-0.5414248544120799,0.06457607607675898,-0.006188118811881194,1
2012-06-30,PL,road,81.7,-0.44660966100565563,0.04643001549033123,0.01743462017434627,2
2012-09-30,PL,road,80.3,-0.5414248544120799,0.04471056118989277,-0.017135862913096767,3
2012-12-31,PL,road,79.5,-0.5956049649300362,0.06194783500682082,-0.00996264009962633,4
2013-03-31,PL,road,81.1,-0.4872447438941236,0.06484188313890592,0.020125786163522008,1
2013-06-30,PL,road,83.7,-0.3111593847107644,0.12333911065844841,0.03205918618988912,2
2013-09-30,PL,road,84.8,-0.23666173274857455,0.1635133197631223,0.013142174432496878,3
2013-12-31,PL,road,84.3,-0.27052430182229736,0.11147250516712376,-0.005896226415094352,4
2014-03-31,PL,road,86.2,-0.1418465393421503,0.07220486523191803,0.022538552787663146,1
2014-06-30,PL,road,86.3,-0.1350740255274061,0.06795051360613599,0.001160092807424462,2
2014-09-30,PL,road,86.0,-0.1553915669716396,0.06377200780034135,-0.0034762456546928444,3
2014-12-31,PL,road,85.8,-0.16893659460112892,0.0150170726699119,-0.0023255813953488857,4
2015-03-31,PL,road,87.7,-0.04025883212098185,0.05812800382193781,0.022144522144522227,1
2015-06-30,PL,road,89.1,0.05455636128544146,0.10528300582067071,0.015963511972633793,2
2015-09-30,PL,road,89.4,0.07487390272967592,0.11128375762052801,0.0033670033670034627,3
2015-12-31,PL,road,91.1,0.19000663758033273,0.09455279854158478,0.019015659955257114,4
2016-03-31,PL,road,91.3,0.20355166520982204,0.0768961211607305,0.002195389681668436,1
2016-06-30,PL,road,91.6,0.22386920665405555,0.06693034789409741,0.003285870755750153,2
2016-09-30,PL,road,91.7,0.2306417204688007,0.01865004880858274,0.0010917030567687558,3
2016-12-31,PL,road,91.9,0.24418674809829,0.01693128453685602,0.0021810250817884125,4
2017-03-31,PL,road,91.8,0.23741423428354486,0.008743277738811095,-0.0010881392818281599,1
2017-06-30,PL,road,92.0,0.2509592619130342,0.008743277738810867,0.002178649237472907,2
2017-09-30,PL,road,91.7,0.2306417204688007,0.008743277738810867,-0.003260869565217317,3
2017-12-31,PL,road,92.0,0.2509592619130342,0.010158770722107408,0.0032715376226826187,4
2018-03-31,PL,road,92.5,0.284821830986757,0.02246188721100192,0.005434782608695565,1
2018-06-30,PL,road,93.5,0.35254696913420264,0.05343423270562326,0.0108108108108107,2
2018-09-30,PL,road,94.3,0.40672707965215893,0.06959011977940034,0.00855614973262031,3
2018-12-31,PL,road,94.8,0.44058964872588174,0.06803483692330271,0.005302226935312904,4
2019-03-31,PL,road,95.6,0.49476975924383804,0.059685279607343975,0.00843881856540074,1
2019-06-30,PL,road,96.0,0.5218598145028167,0.0519839149507073,0.004184100418409997,2
2019-09-30,PL,road,96.6,0.5624948973912837,0.051131358011903605,0.006249999999999867,3
2019-12-31,PL,road,96.9,0.5828124388355181,0.03963512092139199,0.0031055900621119736,4
2020-03-31,PL,road,97.5,0.6234475217239851,0.042294335217203154,0.006191950464396134,1
2020-06-30,PL,road,96.9,0.5828124388355181,0.025565679005949127,-0.006153846153846065,2
2020-09-30,PL,road,97.3,0.6099024940944958,0.02031754144422889,0.0041279669762641635,3
2020-12-31,PL,road,98.0,0.657310090797708,0.03097391750340801,0.007194244604316502,4
2021-03-31,PL,road,98.5,0.6911726598714307,0.048325892300454205,0.005102040816326481,1
2021-06-30,PL,road,99.2,0.7385802565746429,0.05432102131644288,0.007106598984771617,2
2021-09-30,PL,road,100.1,0.7995328809073434,0.06170053727306583,0.009072580645161255,3
2021-12-31,PL,road,102.2,0.9417556710169798,0.10878267964015947,0.020979020979021046,4
2022-03-31,PL,road,108.1,1.3413339860869085,0.27106981255792967,0.05772994129158504,1
2022-06-30,PL,road,114.2,1.7544573287863274,0.4297745699254883,0.05642923219241447,2
2022-09-30,PL,road,120.9,2.2082157543742134,0.5440679769428667,0.0586690017513134,3
2022-12-31,PL,road,123.3,2.370756085928082,0.46493771826105834,0.01985111662531014,4
2023-03-31,PL,road,123.4,2.3775285997428273,0.29284107485540833,0.0008110300081103361,1
2023-06-30,PL,road,121.8,2.269168378706914,0.08211236615470109,-0.012965964343598091,2
2023-09-30,PL,road,121.7,2.2623958648921696,0.06268387471092426,-0.0008210180623973162,3
2023-12-31,PL,road,121.8,2.269168378706914,0.05540092923923146,0.0008216926869351049,4
